query,url,video_id,alternatives,error,resolved_query
DJMAX RESPECT V !!New Game Start!!,https://www.youtube.com/watch?v=VJrVRkcBh-A,VJrVRkcBh-A,https://www.youtube.com/watch?v=Qv71QAZA-Vo https://www.youtube.com/watch?v=pjxfZNkzH_s,,
DJMAX RESPECT V #1f1e33,https://www.youtube.com/watch?v=Zzbiz945q4g,Zzbiz945q4g,https://www.youtube.com/watch?v=GsxSbgyhHNU https://www.youtube.com/watch?v=wy67Lp1gIgQ,,
DJMAX RESPECT V 1! 2! 3! 4! Streaming rn CHU!,https://www.youtube.com/watch?v=XrosmO1bWrk,XrosmO1bWrk,https://www.youtube.com/watch?v=Wttl9MEg8n8 https://www.youtube.com/watch?v=d59_zCSRzUI,,
DJMAX RESPECT V 3:33,https://www.youtube.com/watch?v=U2VW74sAeas,U2VW74sAeas,https://www.youtube.com/watch?v=7QfyLEv_T4Q https://www.youtube.com/watch?v=i_fvXOlijvw,,
DJMAX RESPECT V AD2222,https://www.youtube.com/watch?v=2z3xJtppjW4,2z3xJtppjW4,https://www.youtube.com/watch?v=kGSZbtAqj2o https://www.youtube.com/watch?v=ryvIlLlqlhQ,,
DJMAX RESPECT V Airlock,https://www.youtube.com/watch?v=TxxZFoCyO9Y,TxxZFoCyO9Y,https://www.youtube.com/watch?v=bWrLtsOILF4 https://www.youtube.com/watch?v=mm_RicCTqfo,,
DJMAX RESPECT V Airwave,https://www.youtube.com/watch?v=TE8ChoO0Cu8,TE8ChoO0Cu8,https://www.youtube.com/watch?v=6NEoYMXYkso https://www.youtube.com/watch?v=0KiK21l0Uig,,
DJMAX RESPECT V alliance,https://www.youtube.com/watch?v=Y-AC9hNp-Vk,Y-AC9hNp-Vk,https://www.youtube.com/watch?v=o9ovrnKiT4g https://www.youtube.com/watch?v=J-9cwxFqgnY,,
DJMAX RESPECT V ALTER/ƏgØ,https://www.youtube.com/watch?v=MtDpqGhOOZ4,MtDpqGhOOZ4,https://www.youtube.com/watch?v=aTXn1-4bz64 https://www.youtube.com/watch?v=p0qnLLhH48Q,,
DJMAX RESPECT V ANALYS,https://www.youtube.com/watch?v=rjMVoPxw3l4,rjMVoPxw3l4,https://www.youtube.com/watch?v=k4io_Sxu8d8 https://www.youtube.com/watch?v=nR6fCYe4RR0,,
DJMAX RESPECT V And Revive The Melody,https://www.youtube.com/watch?v=DCCLy3yDXcs,DCCLy3yDXcs,https://www.youtube.com/watch?v=EBT-LE9Pui8 https://www.youtube.com/watch?v=sXP4_G2CN3Q,,
DJMAX RESPECT V Angelic Sphere,https://www.youtube.com/watch?v=HeU7JGaSvzk,HeU7JGaSvzk,https://www.youtube.com/watch?v=22fD7xLpKDE https://www.youtube.com/watch?v=DBhuozkyYh8,,
DJMAX RESPECT V ANiMA,https://www.youtube.com/watch?v=9-sdv54HKvA,9-sdv54HKvA,https://www.youtube.com/watch?v=Vvd5pv7K12c https://www.youtube.com/watch?v=tJFjBCe20H4,,
DJMAX RESPECT V Astro Fight,https://www.youtube.com/watch?v=rSWuvIcbziE,rSWuvIcbziE,https://www.youtube.com/watch?v=6_MtVZRT1ro https://www.youtube.com/watch?v=pzu8AAnFqsQ,,
DJMAX RESPECT V Aurora Borealis,https://www.youtube.com/watch?v=eM1tA5He_kk,eM1tA5He_kk,https://www.youtube.com/watch?v=bBmO96AOKyI https://www.youtube.com/watch?v=hEhNMmYjZdM,,
DJMAX RESPECT V Away,https://www.youtube.com/watch?v=i_Z4FMCgtPg,i_Z4FMCgtPg,https://www.youtube.com/watch?v=TcY0vsLOIks https://www.youtube.com/watch?v=A7SffrHGe1s,,
DJMAX RESPECT V B!G-BANG CHALLENGE,https://www.youtube.com/watch?v=QCUlpMuYmmQ,QCUlpMuYmmQ,https://www.youtube.com/watch?v=TzHORy7ODQQ https://www.youtube.com/watch?v=NVq81CLgD50,,
DJMAX RESPECT V Back to the oldschool,https://www.youtube.com/watch?v=kCBmHsILUiA,kCBmHsILUiA,https://www.youtube.com/watch?v=fGxvmzXcHq8 https://www.youtube.com/watch?v=KzhgBGD0gK8,,
DJMAX RESPECT V Bamboo on Bamboo,https://www.youtube.com/watch?v=IIq4BLx6mIg,IIq4BLx6mIg,https://www.youtube.com/watch?v=rztGKuMgNUU https://www.youtube.com/watch?v=TeCdYMRpPLY,,
DJMAX RESPECT V Basement,https://www.youtube.com/watch?v=_xprFT4VLBQ,_xprFT4VLBQ,https://www.youtube.com/watch?v=Fj7V68mOXQc https://www.youtube.com/watch?v=ZzFWNzAAAyE,,
DJMAX RESPECT V Beat U Down,https://www.youtube.com/watch?v=b4cNaotKtxw,b4cNaotKtxw,https://www.youtube.com/watch?v=Huu57e3L4tY https://www.youtube.com/watch?v=qJ0lz_68YK4,,
DJMAX RESPECT V Binary World,https://www.youtube.com/watch?v=EbVknP6I6Ks,EbVknP6I6Ks,https://www.youtube.com/watch?v=e2WASPS7jrQ https://www.youtube.com/watch?v=YUeqK2EuiFw,,
DJMAX RESPECT V Black MInD,https://www.youtube.com/watch?v=Rtip8vC0ipo,Rtip8vC0ipo,https://www.youtube.com/watch?v=B9K64AcYLHU https://www.youtube.com/watch?v=6sT1-CmEN6Y,,
DJMAX RESPECT V BlueWhite,https://www.youtube.com/watch?v=A7OcVM-COOg,A7OcVM-COOg,https://www.youtube.com/watch?v=sOFj9rjKRjg https://www.youtube.com/watch?v=Kv04a4NAFhU,,
DJMAX RESPECT V BlythE,https://www.youtube.com/watch?v=WcxUq6B0QsU,WcxUq6B0QsU,https://www.youtube.com/watch?v=j1PBsw_KFTc https://www.youtube.com/watch?v=C4aY5JTvYx8,,
DJMAX RESPECT V Brain Storm,https://www.youtube.com/watch?v=iWHP-76gvOo,iWHP-76gvOo,https://www.youtube.com/watch?v=P-zDaH0hYLQ https://www.youtube.com/watch?v=vXCaLGzmi1I,,
DJMAX RESPECT V Break a Spell,https://www.youtube.com/watch?v=mmbu5tfxYQQ,mmbu5tfxYQQ,https://www.youtube.com/watch?v=7I-VSOTiu3w https://www.youtube.com/watch?v=9TSqp4Tns5s,,
DJMAX RESPECT V break it down!,https://www.youtube.com/watch?v=tBiZhdPM9_4,tBiZhdPM9_4,https://www.youtube.com/watch?v=RFjVOBjcX2Y https://www.youtube.com/watch?v=ZlEaCLSwLVY,,
DJMAX RESPECT V Bright Future,https://www.youtube.com/watch?v=s2oR44pYUlk,s2oR44pYUlk,https://www.youtube.com/watch?v=fWNQT5pqALE https://www.youtube.com/watch?v=Kyu-v6NpZWc,,
DJMAX RESPECT V Bring The Techno,https://www.youtube.com/watch?v=oWOTf5BfgfA,oWOTf5BfgfA,https://www.youtube.com/watch?v=s5zE2FL0Zjk https://www.youtube.com/watch?v=6vg4zvl4Zns,,
DJMAX RESPECT V Broken Sphere,https://www.youtube.com/watch?v=oORq6ERIpwI,oORq6ERIpwI,https://www.youtube.com/watch?v=oSAGt5nUtiA https://www.youtube.com/watch?v=JU8Hvqa_y1s,,
DJMAX RESPECT V Carrot Carrot,https://www.youtube.com/watch?v=1EJcaxYMZzQ,1EJcaxYMZzQ,https://www.youtube.com/watch?v=aZ2TiFKPHxM https://www.youtube.com/watch?v=VjDr74JzZJc,,
DJMAX RESPECT V Checkmate (feat. Re.may),https://www.youtube.com/watch?v=0e0gHWsdKkI,0e0gHWsdKkI,https://www.youtube.com/watch?v=wCXmEpjQdrA https://www.youtube.com/watch?v=lW7THPbrSgQ,,
DJMAX RESPECT V CHiNEM4TiC,https://www.youtube.com/watch?v=upNRraLNEg4,upNRraLNEg4,https://www.youtube.com/watch?v=AACViUHQc9s https://www.youtube.com/watch?v=R-VVXKNt4ko,,
DJMAX RESPECT V Cocked Pistol,https://www.youtube.com/watch?v=Qc5_DBs7EFo,Qc5_DBs7EFo,https://www.youtube.com/watch?v=LfIvQLhmnvI https://www.youtube.com/watch?v=wwTe0a4kqg0,,
DJMAX RESPECT V Comet Coaster,https://www.youtube.com/watch?v=THmKrtGArW0,THmKrtGArW0,https://www.youtube.com/watch?v=4jFZ6pbRn4w https://www.youtube.com/watch?v=15guAYdGlEI,,
DJMAX RESPECT V conflict,https://www.youtube.com/watch?v=6IQHLnA9xbs,6IQHLnA9xbs,https://www.youtube.com/watch?v=FehU1IVW-go https://www.youtube.com/watch?v=fEcI8wW_omw,,
DJMAX RESPECT V Critical Point,https://www.youtube.com/watch?v=053zzds7krg,053zzds7krg,https://www.youtube.com/watch?v=mZfU9E2cGCo https://www.youtube.com/watch?v=N8RnD5poVDk,,
DJMAX RESPECT V Cthugha,https://www.youtube.com/watch?v=1nN7OnIdSrc,1nN7OnIdSrc,https://www.youtube.com/watch?v=HXLyRXxu6vs https://www.youtube.com/watch?v=95i7fXdG6OM,,
DJMAX RESPECT V Cyaegha,https://www.youtube.com/watch?v=uKPGV-JbW-o,uKPGV-JbW-o,https://www.youtube.com/watch?v=hcOvDTRygic https://www.youtube.com/watch?v=VrigM4WbREU,,
DJMAX RESPECT V D2,https://www.youtube.com/watch?v=8zI_LCeJGCY,8zI_LCeJGCY,https://www.youtube.com/watch?v=01QHaewh144 https://www.youtube.com/watch?v=tdGKqLlLUSc,,
DJMAX RESPECT V Dark ENVY,https://www.youtube.com/watch?v=mo3p5S-WuV8,mo3p5S-WuV8,https://www.youtube.com/watch?v=h2QZRzjGank https://www.youtube.com/watch?v=eklz1XvHCGw,,
DJMAX RESPECT V Daydream,https://www.youtube.com/watch?v=sayzAjrOvEs,sayzAjrOvEs,https://www.youtube.com/watch?v=RDPNiPeGJB0 https://www.youtube.com/watch?v=_uxJT9_MKbE,,
DJMAX RESPECT V Daylight,https://www.youtube.com/watch?v=UtgwsirHOrY,UtgwsirHOrY,https://www.youtube.com/watch?v=jinpfLVRKd4 https://www.youtube.com/watch?v=dW77YAe-Vws,,
DJMAX RESPECT V Dazzle hop,https://www.youtube.com/watch?v=x_7t4dWV_OI,x_7t4dWV_OI,https://www.youtube.com/watch?v=GQmJAcTU0wY https://www.youtube.com/watch?v=kIYRl8JoCp0,,
DJMAX RESPECT V Deadly Bomber,https://www.youtube.com/watch?v=wAduC7mNI2M,wAduC7mNI2M,https://www.youtube.com/watch?v=7e4RkrwBiaQ https://www.youtube.com/watch?v=FbRYYKeieMs,,
DJMAX RESPECT V Delusion (feat. SOONHO),https://www.youtube.com/watch?v=3EJbA6eVbvk,3EJbA6eVbvk,https://www.youtube.com/watch?v=RjT5NLh5qqw https://www.youtube.com/watch?v=9SnXEczZP74,,
DJMAX RESPECT V DIE IN,https://www.youtube.com/watch?v=a8NPjST4Z9s,a8NPjST4Z9s,https://www.youtube.com/watch?v=ktLFwOARROg https://www.youtube.com/watch?v=NBBTLOysmVA,,
DJMAX RESPECT V Diomedes,https://www.youtube.com/watch?v=F_QKXVvsSRg,F_QKXVvsSRg,https://www.youtube.com/watch?v=zXT6-UTcG9E https://www.youtube.com/watch?v=RN9zLzt9zoM,,
DJMAX RESPECT V Diomedes ~Extended Mix~,https://www.youtube.com/watch?v=zXT6-UTcG9E,zXT6-UTcG9E,https://www.youtube.com/watch?v=YSYZBHm1qzo https://www.youtube.com/watch?v=4Sln4o1tTFU,,
DJMAX RESPECT V Disappearing Act,https://www.youtube.com/watch?v=RmuHc8WlK00,RmuHc8WlK00,https://www.youtube.com/watch?v=cao6a8uZoTk https://www.youtube.com/watch?v=YUhFD1ERtBU,,
DJMAX RESPECT V Don't Fight The Music,https://www.youtube.com/watch?v=uDG0-ImpAsY,uDG0-ImpAsY,https://www.youtube.com/watch?v=9UUXDAluTuQ https://www.youtube.com/watch?v=jNBGnuiW_jE,,
DJMAX RESPECT V Dream of Winds,https://www.youtube.com/watch?v=mmo6u47dt_A,mmo6u47dt_A,https://www.youtube.com/watch?v=2GA1yQpKM78 https://www.youtube.com/watch?v=iha5GCtyyMk,,
DJMAX RESPECT V DUKA -Special Edit-,https://www.youtube.com/watch?v=Qd_AYvB5USQ,Qd_AYvB5USQ,https://www.youtube.com/watch?v=Ra4Z5fI3_Qs https://www.youtube.com/watch?v=qKthTdi-3VM,,
DJMAX RESPECT V Dysthymia,https://www.youtube.com/watch?v=KWOw0zNi8fE,KWOw0zNi8fE,https://www.youtube.com/watch?v=KjIhkJQ_z94 https://www.youtube.com/watch?v=dvxvPx1qtUg,,
DJMAX RESPECT V ELIXIR,https://www.youtube.com/watch?v=-GUI-54yDAM,-GUI-54yDAM,https://www.youtube.com/watch?v=Nj7AyI8qbWI https://www.youtube.com/watch?v=N7dSPqEI43Y,,
DJMAX RESPECT V Emerge,https://www.youtube.com/watch?v=xbkMIc6aYRw,xbkMIc6aYRw,https://www.youtube.com/watch?v=Zmj-FQvaSmg https://www.youtube.com/watch?v=B3TFXuSCet4,,
DJMAX RESPECT V Enemy Storm ~Dark Jungle Mix~,https://www.youtube.com/watch?v=zZa194PbJQw,zZa194PbJQw,https://www.youtube.com/watch?v=l-aB8-Kwuhs https://www.youtube.com/watch?v=MK22JUQe5YU,,
DJMAX RESPECT V ENERGY SYNERGY MATRIX,https://www.youtube.com/watch?v=VB04GHizHmQ,VB04GHizHmQ,https://www.youtube.com/watch?v=ad2t_FxyGMs https://www.youtube.com/watch?v=Vbnkj9TWzI8,,
DJMAX RESPECT V Enter The Universe,https://www.youtube.com/watch?v=-yqrGEYbAFM,-yqrGEYbAFM,https://www.youtube.com/watch?v=sS9Xtjo9Eeg https://www.youtube.com/watch?v=6rWUudFQyhs,,
DJMAX RESPECT V Entrance,https://www.youtube.com/watch?v=1iZZldVkylg,1iZZldVkylg,https://www.youtube.com/watch?v=f_b9elP7bds https://www.youtube.com/watch?v=QTUhmrzfwLw,,
DJMAX RESPECT V Eta Beta Eta,https://www.youtube.com/watch?v=NvLwQoCDvkY,NvLwQoCDvkY,https://www.youtube.com/watch?v=660x29nJdto https://www.youtube.com/watch?v=wxWcc0p6Irw,,
DJMAX RESPECT V Eternal Damnation,https://www.youtube.com/watch?v=eXWFNiVDC-s,eXWFNiVDC-s,https://www.youtube.com/watch?v=QYkjsSWG7R4 https://www.youtube.com/watch?v=-0U-bBoal1w,,
DJMAX RESPECT V Extreme Z4,https://www.youtube.com/watch?v=xZBGROfpujk,xZBGROfpujk,https://www.youtube.com/watch?v=VxQQ6fw2wNE https://www.youtube.com/watch?v=A_UB-bdj0ic,,
DJMAX RESPECT V Far Away Light,https://www.youtube.com/watch?v=vJU2rADyK18,vJU2rADyK18,https://www.youtube.com/watch?v=XshxO7me8CA https://www.youtube.com/watch?v=ju5PgEf2_S8,,
DJMAX RESPECT V Fermion,https://www.youtube.com/watch?v=tyy5K8nckGo,tyy5K8nckGo,https://www.youtube.com/watch?v=acv2Le6zoQs https://www.youtube.com/watch?v=MXzDJdU9L8Y,,
DJMAX RESPECT V Final Round,https://www.youtube.com/watch?v=BNi3NHkbAHg,BNi3NHkbAHg,https://www.youtube.com/watch?v=eQYMGT0YGt0 https://www.youtube.com/watch?v=Uig8xGONDsA,,
DJMAX RESPECT V Fracture Ray,https://www.youtube.com/watch?v=dTG4_Oyuc98,dTG4_Oyuc98,https://www.youtube.com/watch?v=Z-08ES_bZSI https://www.youtube.com/watch?v=NWpzkdJZixo,,
DJMAX RESPECT V Fundamental,https://www.youtube.com/watch?v=FVMMqB1ZqAE,FVMMqB1ZqAE,https://www.youtube.com/watch?v=TLnFN9rY3yU https://www.youtube.com/watch?v=Ab4ZTUCamlE,,
DJMAX RESPECT V Garakuta Doll Play,https://www.youtube.com/watch?v=KNgxpsrqrTs,KNgxpsrqrTs,https://www.youtube.com/watch?v=cwdic7o0qMY https://www.youtube.com/watch?v=iSPJM2xiw9E,,
DJMAX RESPECT V Gate of Elysium,https://www.youtube.com/watch?v=AD5xMsUziSk,AD5xMsUziSk,https://www.youtube.com/watch?v=SKHWPx9rv6c https://www.youtube.com/watch?v=AXIRpSX0eEM,,
DJMAX RESPECT V glory MAX -나의 최대치로 너와 함께할게-,https://www.youtube.com/watch?v=maAR5SHBO2E,maAR5SHBO2E,https://www.youtube.com/watch?v=mRD7u_Y2hok https://www.youtube.com/watch?v=fp-sEDvCnWs,,DJMAX RESPECT V glory MAX
DJMAX RESPECT V Gone Astray,https://www.youtube.com/watch?v=wHwTJifzpgQ,wHwTJifzpgQ,https://www.youtube.com/watch?v=nCumwaA9UM4 https://www.youtube.com/watch?v=VB_p3jKv0VQ,,
"DJMAX RESPECT V Good Night, Bad Luck.",https://www.youtube.com/watch?v=XsxbGKJGuIk,XsxbGKJGuIk,https://www.youtube.com/watch?v=7qyR0vLgwIg https://www.youtube.com/watch?v=xhFlYHIKn00,,
DJMAX RESPECT V Gregorius I Symphony,https://www.youtube.com/watch?v=rqn8pqdsHZw,rqn8pqdsHZw,https://www.youtube.com/watch?v=FHoPujUm60g https://www.youtube.com/watch?v=ncG3KcKFLSY,,
DJMAX RESPECT V Grievous Lady,https://www.youtube.com/watch?v=Nn_fFvjr5TM,Nn_fFvjr5TM,https://www.youtube.com/watch?v=fLGIs1kUIdo https://www.youtube.com/watch?v=6aSb3GCVl8E,,
DJMAX RESPECT V HAMSIN,https://www.youtube.com/watch?v=w5yg4BrZboU,w5yg4BrZboU,https://www.youtube.com/watch?v=tvCihzlOG_Y https://www.youtube.com/watch?v=ChGaxksLYqs,,
DJMAX RESPECT V Heart of Witch,https://www.youtube.com/watch?v=rBeHm8T8-SI,rBeHm8T8-SI,https://www.youtube.com/watch?v=1WLz59gU0FM https://www.youtube.com/watch?v=fpRPirtHb8E,,
DJMAX RESPECT V HEAVENLY STRIKE,https://www.youtube.com/watch?v=YOgcgcWvBRY,YOgcgcWvBRY,https://www.youtube.com/watch?v=cPIoL-1cbuw https://www.youtube.com/watch?v=JfvKhuvSD9c,,
DJMAX RESPECT V Heliocentrism,https://www.youtube.com/watch?v=76588zfkCN0,76588zfkCN0,https://www.youtube.com/watch?v=1GXPi3RlfqA https://www.youtube.com/watch?v=29F-XYhiiO4,,
DJMAX RESPECT V Hell'o,https://www.youtube.com/watch?v=OAXDoWdvqIg,OAXDoWdvqIg,https://www.youtube.com/watch?v=w1COhKoikaQ https://www.youtube.com/watch?v=i7N9RC8CbYs,,
DJMAX RESPECT V Hero,https://www.youtube.com/watch?v=VMvug6Sn42w,VMvug6Sn42w,https://www.youtube.com/watch?v=49NvCjsy5gQ https://www.youtube.com/watch?v=ojZ5YqJxtmI,,
DJMAX RESPECT V I'M ALIVE,https://www.youtube.com/watch?v=NC-hzNEdfIc,NC-hzNEdfIc,https://www.youtube.com/watch?v=j-V5KCS0zro https://www.youtube.com/watch?v=RWLX4tqIYqY,,
DJMAX RESPECT V Ikazuchi,https://www.youtube.com/watch?v=0GaFOoOCxAc,0GaFOoOCxAc,https://www.youtube.com/watch?v=0Z77JgHr7Pk https://www.youtube.com/watch?v=Cf1exv0WjeE,,
DJMAX RESPECT V In my Dream,https://www.youtube.com/watch?v=z3zXNZaHfA8,z3zXNZaHfA8,https://www.youtube.com/watch?v=MKf35AijyIM https://www.youtube.com/watch?v=ErceyQnMGes,,
DJMAX RESPECT V Insane Drift,https://www.youtube.com/watch?v=3h1xQ7xUSbw,3h1xQ7xUSbw,https://www.youtube.com/watch?v=dC-HUjjSXk8 https://www.youtube.com/watch?v=qXuIu15ew8o,,
DJMAX RESPECT V IWTEYI,https://www.youtube.com/watch?v=lcvHXGFqh4c,lcvHXGFqh4c,https://www.youtube.com/watch?v=7mcRQoVFnD8 https://www.youtube.com/watch?v=FxmjxCm7y70,,
DJMAX RESPECT V Kamui,https://www.youtube.com/watch?v=uH03nW6dN1A,uH03nW6dN1A,https://www.youtube.com/watch?v=vD5ulUWtAmw https://www.youtube.com/watch?v=Azz2p6X84ek,,
DJMAX RESPECT V Kensei,https://www.youtube.com/watch?v=SNkeRWscPIo,SNkeRWscPIo,https://www.youtube.com/watch?v=xp5UjgLY574 https://www.youtube.com/watch?v=TYXOeAq_Res,,
DJMAX RESPECT V KICK IT,https://www.youtube.com/watch?v=PlGtcW1Y2uY,PlGtcW1Y2uY,https://www.youtube.com/watch?v=ggv83oEWztA https://www.youtube.com/watch?v=nEmIHvaFY_8,,
DJMAX RESPECT V Kill Trap,https://www.youtube.com/watch?v=c43BFx8XfII,c43BFx8XfII,https://www.youtube.com/watch?v=cWNUlcf1VIE https://www.youtube.com/watch?v=b37JZk_dS7I,,
DJMAX RESPECT V KILLER BEE,https://www.youtube.com/watch?v=FEOBwiOmvfQ,FEOBwiOmvfQ,https://www.youtube.com/watch?v=vcDZmWeDQbY https://www.youtube.com/watch?v=kbVl3rIEsRQ,,
DJMAX RESPECT V Knowledge System,https://www.youtube.com/watch?v=SnauCHa0TZE,SnauCHa0TZE,https://www.youtube.com/watch?v=KnSgHNyEfXw https://www.youtube.com/watch?v=vdg14l0z44Q,,
DJMAX RESPECT V Krush,https://www.youtube.com/watch?v=msnNzT0MHqg,msnNzT0MHqg,https://www.youtube.com/watch?v=T6Z7JdPSGqQ https://www.youtube.com/watch?v=Bc-WuIboFd8,,
DJMAX RESPECT V L,https://www.youtube.com/watch?v=1bt6S4DbyJI,1bt6S4DbyJI,https://www.youtube.com/watch?v=l9-nQHPzFQA https://www.youtube.com/watch?v=Z8GaD25HVYc,,
DJMAX RESPECT V LAMIA,https://www.youtube.com/watch?v=zvQeV_Bd1gw,zvQeV_Bd1gw,https://www.youtube.com/watch?v=SmhL6fQvYaI https://www.youtube.com/watch?v=VAX7j65tYMk,,
DJMAX RESPECT V Licrom,https://www.youtube.com/watch?v=ORV_dGUQbzI,ORV_dGUQbzI,https://www.youtube.com/watch?v=oXLTL8PjekE https://www.youtube.com/watch?v=i2TvMhDcaRc,,
DJMAX RESPECT V Lights of Muse,https://www.youtube.com/watch?v=PjX6rBVdOzk,PjX6rBVdOzk,https://www.youtube.com/watch?v=xmnNCWa8WjU https://www.youtube.com/watch?v=l-FMwOYYirU,,
DJMAX RESPECT V LIMBO,https://www.youtube.com/watch?v=lSkkqeF858U,lSkkqeF858U,https://www.youtube.com/watch?v=FXqsVpvz27k https://www.youtube.com/watch?v=tOHT1Ql0FU4,,
DJMAX RESPECT V Lisrim,https://www.youtube.com/watch?v=lYhDLekmSZE,lYhDLekmSZE,https://www.youtube.com/watch?v=AtrGQQKn3Uk https://www.youtube.com/watch?v=em5LsOMKf4I,,
DJMAX RESPECT V Lost Desire (feat.Sennzai),https://www.youtube.com/watch?v=56suuxKgObI,56suuxKgObI,https://www.youtube.com/watch?v=B15Mju-heFs https://www.youtube.com/watch?v=Zg-vD8SrqRg,,
DJMAX RESPECT V Love or Die,https://www.youtube.com/watch?v=V71qWx9QMk8,V71qWx9QMk8,https://www.youtube.com/watch?v=831UIQhT_v8 https://www.youtube.com/watch?v=g7_eqR0sndo,,
DJMAX RESPECT V Love.Game.Money,https://www.youtube.com/watch?v=CQgAJpNEepw,CQgAJpNEepw,https://www.youtube.com/watch?v=udxebUSeLrw https://www.youtube.com/watch?v=vgJddIhmjMk,,
DJMAX RESPECT V Löschen,https://www.youtube.com/watch?v=HP-IkY7Y0O0,HP-IkY7Y0O0,https://www.youtube.com/watch?v=t--S4D_Qj0w https://www.youtube.com/watch?v=939_THDiuJc,,
DJMAX RESPECT V MADNESS (feat. 유일),https://www.youtube.com/watch?v=i6bYJi7XZ38,i6bYJi7XZ38,https://www.youtube.com/watch?v=XGGpe2tD10M https://www.youtube.com/watch?v=docXHALQZAI,,
DJMAX RESPECT V Malicious Mischance,https://www.youtube.com/watch?v=E15KJkGxzfk,E15KJkGxzfk,https://www.youtube.com/watch?v=LQuKzF_uVlo https://www.youtube.com/watch?v=CuToO5Xr8MI,,
DJMAX RESPECT V Mammal,https://www.youtube.com/watch?v=aKMpDh1Cfak,aKMpDh1Cfak,https://www.youtube.com/watch?v=sZtBIP2SgL4 https://www.youtube.com/watch?v=fQoqqA1HofY,,
DJMAX RESPECT V MarbleBlue.,https://www.youtube.com/watch?v=L-un-gAZtoU,L-un-gAZtoU,https://www.youtube.com/watch?v=tYrfdWVSb7Y https://www.youtube.com/watch?v=4mOkEFsjYYo,,
"DJMAX RESPECT V Marry me, Nightmare",https://www.youtube.com/watch?v=xKnBk4GjdoU,xKnBk4GjdoU,https://www.youtube.com/watch?v=SP9Bbt77VNU https://www.youtube.com/watch?v=ENn5cU6H7hw,,
DJMAX RESPECT V Metagalactic,https://www.youtube.com/watch?v=oSb3AH0BAV8,oSb3AH0BAV8,https://www.youtube.com/watch?v=Ek_mev5UGQQ https://www.youtube.com/watch?v=7XE59BWEuGE,,
DJMAX RESPECT V Mind Control,https://www.youtube.com/watch?v=KsSikeDV2oA,KsSikeDV2oA,https://www.youtube.com/watch?v=7ztov1qVvV8 https://www.youtube.com/watch?v=lNM87D1MFR8,,
DJMAX RESPECT V MIRINAE (DJMAX Edit),https://www.youtube.com/watch?v=6Gc-jsw2qn0,6Gc-jsw2qn0,https://www.youtube.com/watch?v=5vpfB2HjYKg https://www.youtube.com/watch?v=GKW9qKkuffc,,
DJMAX RESPECT V Misty E'ra 'Mui',https://www.youtube.com/watch?v=JRJK5M4YNSQ,JRJK5M4YNSQ,https://www.youtube.com/watch?v=rjg_yrZ0KWA https://www.youtube.com/watch?v=Bp_RvVrijb8,,
DJMAX RESPECT V Misty Er'A ~One Day~,https://www.youtube.com/watch?v=bBZNBlDzQRQ,bBZNBlDzQRQ,https://www.youtube.com/watch?v=bKWzRLkzZek https://www.youtube.com/watch?v=n-mIT2Q76_M,,
DJMAX RESPECT V Moonlight Shadow ~Paul Bazooka Remix~,https://www.youtube.com/watch?v=Ocmw0nTk8tA,Ocmw0nTk8tA,https://www.youtube.com/watch?v=P3NecN1zDrg https://www.youtube.com/watch?v=5lvUoucXTPw,,
DJMAX RESPECT V Mr.Lonely,https://www.youtube.com/watch?v=Kvp8XHcZKNc,Kvp8XHcZKNc,https://www.youtube.com/watch?v=OE5qWRTbGeo https://www.youtube.com/watch?v=sy1cCYU4oZ4,,
DJMAX RESPECT V Mulch,https://www.youtube.com/watch?v=1FZwlI6s4hM,1FZwlI6s4hM,https://www.youtube.com/watch?v=rBBpJeDguj4 https://www.youtube.com/watch?v=Q-4T_DGKdSk,,
DJMAX RESPECT V NB RANGERS - 운명의 Destiny,https://www.youtube.com/watch?v=zciUQ98PTCU,zciUQ98PTCU,https://www.youtube.com/watch?v=lnFFAKpmJIw https://www.youtube.com/watch?v=oxwtmieODbg,,
DJMAX RESPECT V NEO WINGS,https://www.youtube.com/watch?v=zoGIoHOrnJs,zoGIoHOrnJs,https://www.youtube.com/watch?v=S5yJxlTeIwk https://www.youtube.com/watch?v=BmQ83FNh8rY,,
DJMAX RESPECT V Nevermind,https://www.youtube.com/watch?v=0FQtPM-Md6c,0FQtPM-Md6c,https://www.youtube.com/watch?v=5uPrAMveAvQ https://www.youtube.com/watch?v=XoECkEx1GZI,,
DJMAX RESPECT V Nightmare,https://www.youtube.com/watch?v=X7ZHN-36bxg,X7ZHN-36bxg,https://www.youtube.com/watch?v=atj7TAkeaPU https://www.youtube.com/watch?v=mHJkMor73fc,,
DJMAX RESPECT V Nihilism,https://www.youtube.com/watch?v=uRgrGzuh6x4,uRgrGzuh6x4,https://www.youtube.com/watch?v=fznl8LguxCo https://www.youtube.com/watch?v=o9my_h3keCg,,
DJMAX RESPECT V O'men,https://www.youtube.com/watch?v=qMxJ8hqhk-g,qMxJ8hqhk-g,https://www.youtube.com/watch?v=g8hpMno6KDk https://www.youtube.com/watch?v=N1sRWPmGS08,,
DJMAX RESPECT V Octet rule,https://www.youtube.com/watch?v=TY8DzqLmGgs,TY8DzqLmGgs,https://www.youtube.com/watch?v=Fwc4cDw4iuk https://www.youtube.com/watch?v=udYH1DL7TBw,,
DJMAX RESPECT V Odysseus,https://www.youtube.com/watch?v=FrGpmRe5Lzk,FrGpmRe5Lzk,https://www.youtube.com/watch?v=9NYyopvbFEs https://www.youtube.com/watch?v=VxVjI8VW2Xg,,
DJMAX RESPECT V ouroboros -twin stroke of the end-,https://www.youtube.com/watch?v=_cTBJduejHM,_cTBJduejHM,https://www.youtube.com/watch?v=OE5qWRTbGeo https://www.youtube.com/watch?v=zXT6-UTcG9E,,
DJMAX RESPECT V Over Me,https://www.youtube.com/watch?v=gg6WiPwd25M,gg6WiPwd25M,https://www.youtube.com/watch?v=K0rxDoV9VpI https://www.youtube.com/watch?v=L8iIJHdS9JY,,
DJMAX RESPECT V Oxygen Destroyer,https://www.youtube.com/watch?v=uwEkFiVuxp4,uwEkFiVuxp4,https://www.youtube.com/watch?v=tnHzKc-4Xeo https://www.youtube.com/watch?v=B0nwVeH1_Yk,,
DJMAX RESPECT V Pharm of Charm,https://www.youtube.com/watch?v=fDJk3IyCtUU,fDJk3IyCtUU,https://www.youtube.com/watch?v=Rnj0P5MoB1I https://www.youtube.com/watch?v=vgXxNtEBDdk,,
DJMAX RESPECT V Phylma,https://www.youtube.com/watch?v=Zrn4cpcQgOI,Zrn4cpcQgOI,https://www.youtube.com/watch?v=fyvVfglFQn4 https://www.youtube.com/watch?v=FRDjn-hCdyU,,
DJMAX RESPECT V Plasma Sphere,https://www.youtube.com/watch?v=h1sZ9Of590E,h1sZ9Of590E,https://www.youtube.com/watch?v=LJQbakoN6Wo https://www.youtube.com/watch?v=8Rsc3S7JdUM,,
DJMAX RESPECT V Polyphonic,https://www.youtube.com/watch?v=xxTTKm74oSc,xxTTKm74oSc,https://www.youtube.com/watch?v=2qvQozBHR1I https://www.youtube.com/watch?v=7Wyd_QnYwck,,
DJMAX RESPECT V PUPA,https://www.youtube.com/watch?v=pv7P0O_83y0,pv7P0O_83y0,https://www.youtube.com/watch?v=6AJcBvEYWhQ https://www.youtube.com/watch?v=ckFPofZ4acw,,
DJMAX RESPECT V PUPA (xi Remix),https://www.youtube.com/watch?v=pv7P0O_83y0,pv7P0O_83y0,https://www.youtube.com/watch?v=sW2rvlK21-4 https://www.youtube.com/watch?v=pCMeycYgOtk,,
DJMAX RESPECT V Rage Of Demon,https://www.youtube.com/watch?v=3trnhkU68tI,3trnhkU68tI,https://www.youtube.com/watch?v=1KYfZYbWfCU https://www.youtube.com/watch?v=q8gqAEhUrPE,,
DJMAX RESPECT V RE Aoharu,https://www.youtube.com/watch?v=MME8xKyPLEI,MME8xKyPLEI,https://www.youtube.com/watch?v=r5wIRnioEMI https://www.youtube.com/watch?v=BGIWBv5Kczg,,
DJMAX RESPECT V Re-Rule,https://www.youtube.com/watch?v=LCX18RgmTaA,LCX18RgmTaA,https://www.youtube.com/watch?v=5xLfdRDjHpA https://www.youtube.com/watch?v=PwPplOvsZOQ,,
DJMAX RESPECT V Redolent Shape,https://www.youtube.com/watch?v=S5t2Bwshofk,S5t2Bwshofk,https://www.youtube.com/watch?v=HScfzCIBH7A https://www.youtube.com/watch?v=XW16s5e9xdU,,
DJMAX RESPECT V Revenger,https://www.youtube.com/watch?v=Bsv0MFnLz6I,Bsv0MFnLz6I,https://www.youtube.com/watch?v=ffhpbnATqpQ https://www.youtube.com/watch?v=REEb_Y3fSIg,,
DJMAX RESPECT V Rhapsody for The VEndetta,https://www.youtube.com/watch?v=H3m8Zz2n3H0,H3m8Zz2n3H0,https://www.youtube.com/watch?v=li_f8w9nDyw https://www.youtube.com/watch?v=yz3bh6edJLI,,
DJMAX RESPECT V Rhythm In My Head,https://www.youtube.com/watch?v=rUHzp9h77nY,rUHzp9h77nY,https://www.youtube.com/watch?v=R-zcR2Xk5Yg https://www.youtube.com/watch?v=_S39WWoL8Wk,,
DJMAX RESPECT V RIPPER,https://www.youtube.com/watch?v=XBTDxaikoMM,XBTDxaikoMM,https://www.youtube.com/watch?v=37IHeKwwe7s https://www.youtube.com/watch?v=XDi2yNgHPXA,,
DJMAX RESPECT V Rise Up,https://www.youtube.com/watch?v=rEfjMK8fKWg,rEfjMK8fKWg,https://www.youtube.com/watch?v=KyGt9_Ixj-0 https://www.youtube.com/watch?v=rm4e1b-dOlQ,,
DJMAX RESPECT V RUN & RUN,https://www.youtube.com/watch?v=6QW2SKrjUEU,6QW2SKrjUEU,https://www.youtube.com/watch?v=idUglmgrGzc https://www.youtube.com/watch?v=1qHyZYSu8ec,,
DJMAX RESPECT V Samsara Garden (feat. SOONHO),https://www.youtube.com/watch?v=sYUzoM8oNSY,sYUzoM8oNSY,https://www.youtube.com/watch?v=X8XBcyDL7Vg https://www.youtube.com/watch?v=oz0D0IWnEuk,,
DJMAX RESPECT V Sand Storm,https://www.youtube.com/watch?v=_5JE_YR5Tfg,_5JE_YR5Tfg,https://www.youtube.com/watch?v=twRsXzo4r9g https://www.youtube.com/watch?v=K5cE947G_Ks,,
DJMAX RESPECT V SINister Evolution,https://www.youtube.com/watch?v=wn5uj-ptKZo,wn5uj-ptKZo,https://www.youtube.com/watch?v=PPhUkL1aXS8 https://www.youtube.com/watch?v=7ySS5UZXSc4,,
DJMAX RESPECT V SON OF SUN,https://www.youtube.com/watch?v=xndFT2J9Bpc,xndFT2J9Bpc,https://www.youtube.com/watch?v=L5WKh289Z-g https://www.youtube.com/watch?v=PYZiqYpeMV4,,
DJMAX RESPECT V Space of Soul,https://www.youtube.com/watch?v=JACn6UPEYdA,JACn6UPEYdA,https://www.youtube.com/watch?v=GGkruPSzwdE https://www.youtube.com/watch?v=xUxfkZnviNU,,
DJMAX RESPECT V Stay Alive,https://www.youtube.com/watch?v=92Au6TDB1BE,92Au6TDB1BE,https://www.youtube.com/watch?v=9ERe9FTCg8Y https://www.youtube.com/watch?v=2Lf1rduxNbc,,
DJMAX RESPECT V Stolen Memory,https://www.youtube.com/watch?v=oKb3rYCwlC4,oKb3rYCwlC4,https://www.youtube.com/watch?v=eSG-Xnmbpo0 https://www.youtube.com/watch?v=p2kxSHdckD8,,
DJMAX RESPECT V Story of Maple,https://www.youtube.com/watch?v=1wnXPkcwlHI,1wnXPkcwlHI,https://www.youtube.com/watch?v=5G1M8BjtQnY https://www.youtube.com/watch?v=lJizeEoMxyM,,
DJMAX RESPECT V Super lovely,https://www.youtube.com/watch?v=0O8hBuJjynw,0O8hBuJjynw,https://www.youtube.com/watch?v=3dajmdT-CLc https://www.youtube.com/watch?v=gs5bACRz3bU,,
DJMAX RESPECT V The Castle of Báthory,https://www.youtube.com/watch?v=Nc_p5CSjrwQ,Nc_p5CSjrwQ,https://www.youtube.com/watch?v=u0BWen5bSGc https://www.youtube.com/watch?v=16Y5FFZOT2M,,
DJMAX RESPECT V The Lost World,https://www.youtube.com/watch?v=NKQIf35wC0o,NKQIf35wC0o,https://www.youtube.com/watch?v=92_gYrD7RbY https://www.youtube.com/watch?v=7bWsNypx0A8,,
DJMAX RESPECT V The Rain Maker,https://www.youtube.com/watch?v=e-Qc-ZLLQDE,e-Qc-ZLLQDE,https://www.youtube.com/watch?v=_p0JuJ-FCfM https://www.youtube.com/watch?v=uoQqamIub7I,,
DJMAX RESPECT V The Tune of the Azure Light ~Parang Remix~,https://www.youtube.com/watch?v=fwPQc4upFHc,fwPQc4upFHc,https://www.youtube.com/watch?v=jeEEB0-JE0E https://www.youtube.com/watch?v=aLnVu-Kp57Y,,
DJMAX RESPECT V The Universe,https://www.youtube.com/watch?v=hPhuiDzgXeQ,hPhuiDzgXeQ,https://www.youtube.com/watch?v=IXUiKaKAO5w https://www.youtube.com/watch?v=etAXIVXTVjU,,
DJMAX RESPECT V The wheel to the right,https://www.youtube.com/watch?v=jSWdrivcKCs,jSWdrivcKCs,https://www.youtube.com/watch?v=o-fzrbk--o4 https://www.youtube.com/watch?v=qbeY99wDYxo,,
DJMAX RESPECT V thinking!,https://www.youtube.com/watch?v=lXw9_WSteCM,lXw9_WSteCM,https://www.youtube.com/watch?v=wl1Dl3nGvig https://www.youtube.com/watch?v=CvAxuBDvuYI,,
DJMAX RESPECT V Thor ~Extended Mix~,https://www.youtube.com/watch?v=HUa2dFoGODk,HUa2dFoGODk,https://www.youtube.com/watch?v=L-mo1L_jQYk https://www.youtube.com/watch?v=hj0_RfK8y38,,
DJMAX RESPECT V TO MAKE THE END OF BATTLE,https://www.youtube.com/watch?v=kftmSfeQM-0,kftmSfeQM-0,https://www.youtube.com/watch?v=hWswy12MMM4 https://www.youtube.com/watch?v=Zd2Ns5JYb_g,,
DJMAX RESPECT V Tok9 Train,https://www.youtube.com/watch?v=P0d0CX_0xLk,P0d0CX_0xLk,https://www.youtube.com/watch?v=oP1dHxoBSGc https://www.youtube.com/watch?v=qBMQPt-hGJo,,
DJMAX RESPECT V trappola bewitching,https://www.youtube.com/watch?v=l5_otWOU7GU,l5_otWOU7GU,https://www.youtube.com/watch?v=Jpv5E6GJ7uY https://www.youtube.com/watch?v=iN1ITmeCEWk,,
DJMAX RESPECT V Trembling Moods,https://www.youtube.com/watch?v=EfgKNGZ_pIE,EfgKNGZ_pIE,https://www.youtube.com/watch?v=l-3bkSECHIM https://www.youtube.com/watch?v=hSEyjdUCUvc,,
DJMAX RESPECT V Trrricksters!!,https://www.youtube.com/watch?v=RrIyhEq7TX0,RrIyhEq7TX0,https://www.youtube.com/watch?v=IeSypV3a5NY https://www.youtube.com/watch?v=voWqgv8pzjI,,
DJMAX RESPECT V ultradiaxon-N3,https://www.youtube.com/watch?v=EZ0BUxzNXM8,EZ0BUxzNXM8,https://www.youtube.com/watch?v=2j4mERgkFbY https://www.youtube.com/watch?v=ff_uehVTyLA,,
DJMAX RESPECT V Unwelcome School,https://www.youtube.com/watch?v=kvxqV9iZGI8,kvxqV9iZGI8,https://www.youtube.com/watch?v=gcrA3Hp0_o0 https://www.youtube.com/watch?v=Fo63Av5bZNM,,
DJMAX RESPECT V v o l d e n u i t,https://www.youtube.com/watch?v=qDs8BUpnVvI,qDs8BUpnVvI,https://www.youtube.com/watch?v=SlbE_QrFqa8 https://www.youtube.com/watch?v=ZRLFzl_Q3No,,
DJMAX RESPECT V Ventilator,https://www.youtube.com/watch?v=WZfjzgz7yzw,WZfjzgz7yzw,https://www.youtube.com/watch?v=x07vcIytDXU https://www.youtube.com/watch?v=2lUYXuidmtw,,
DJMAX RESPECT V Vertical Eclipse,https://www.youtube.com/watch?v=vF9WzLCpBjo,vF9WzLCpBjo,https://www.youtube.com/watch?v=pjXDM3JXKkU https://www.youtube.com/watch?v=kryROclsg-I,,
DJMAX RESPECT V Village Racing,https://www.youtube.com/watch?v=vs-eFt9L99c,vs-eFt9L99c,https://www.youtube.com/watch?v=KpyDIDBTr0I https://www.youtube.com/watch?v=ZoJzqrStGdI,,
DJMAX RESPECT V Violent (feat. SAINT MILLER),https://www.youtube.com/watch?v=M4ASHxyNTMY,M4ASHxyNTMY,https://www.youtube.com/watch?v=7SRTsEfgQsQ https://www.youtube.com/watch?v=no3VHjklTkE,,
DJMAX RESPECT V Warrior,https://www.youtube.com/watch?v=6ya8Nd0vI_4,6ya8Nd0vI_4,https://www.youtube.com/watch?v=xzd50d1tQX8 https://www.youtube.com/watch?v=HIAJRJz9neg,,
DJMAX RESPECT V We're All Gonna Die,https://www.youtube.com/watch?v=Ddi2Bifusmk,Ddi2Bifusmk,https://www.youtube.com/watch?v=sk5ZYSwazzc https://www.youtube.com/watch?v=bghenlXw56Y,,
DJMAX RESPECT V Weird Wave,https://www.youtube.com/watch?v=psbIVdKA_IU,psbIVdKA_IU,https://www.youtube.com/watch?v=MwMW_oNyz7M https://www.youtube.com/watch?v=9V5abqOY83g,,
DJMAX RESPECT V Winners,https://www.youtube.com/watch?v=vSRkVgNdzIY,vSRkVgNdzIY,https://www.youtube.com/watch?v=kJOBUmLyiuE https://www.youtube.com/watch?v=lgcIB8uJFm0,,
DJMAX RESPECT V Won't Back Down,https://www.youtube.com/watch?v=rc3p4rVa77M,rc3p4rVa77M,https://www.youtube.com/watch?v=qMh-Tr2wVV4 https://www.youtube.com/watch?v=DnhlpZfZgZM,,
DJMAX RESPECT V WONDER $LOT 777,https://www.youtube.com/watch?v=ARRdg_Ujbio,ARRdg_Ujbio,https://www.youtube.com/watch?v=K_9w3ngTWu4 https://www.youtube.com/watch?v=znt8njreTic,,
DJMAX RESPECT V Yodeling in meadow hill (Hidden Retreat),https://www.youtube.com/watch?v=q-npFqXOj2k,q-npFqXOj2k,https://www.youtube.com/watch?v=NdXeB_8OT6g https://www.youtube.com/watch?v=tFZ7pgtKshU,,
DJMAX RESPECT V Zero to the hunnit,https://www.youtube.com/watch?v=1YoIYw8kaMo,1YoIYw8kaMo,https://www.youtube.com/watch?v=e4cULGHvpnc https://www.youtube.com/watch?v=9VvR2ZdmAEQ,,
DJMAX RESPECT V Zero-Break,https://www.youtube.com/watch?v=AegFZby-vz0,AegFZby-vz0,https://www.youtube.com/watch?v=yjWJ10G7Mbc https://www.youtube.com/watch?v=TYcPSHBPqkY,,
DJMAX RESPECT V Zeroize,https://www.youtube.com/watch?v=W3Ln3AclGKY,W3Ln3AclGKY,https://www.youtube.com/watch?v=GxXltsu55Vk https://www.youtube.com/watch?v=hOLRSGbzCBs,,
DJMAX RESPECT V 小緋縅(kohiodoshi),https://www.youtube.com/watch?v=fReB8scBQyw,fReB8scBQyw,https://www.youtube.com/watch?v=_zcUf1H82KM https://www.youtube.com/watch?v=rOKfiUZBWls,,
DJMAX RESPECT V 脳天直撃,https://www.youtube.com/watch?v=0qK7xknJ3aY,0qK7xknJ3aY,https://www.youtube.com/watch?v=bUXwnievsHY https://www.youtube.com/watch?v=iFOt9teJ6wM,,
"DJMAX RESPECT V 공성전 ~Pierre Blanche, Yonce Remix~",https://www.youtube.com/watch?v=jCfbOR3X9-c,jCfbOR3X9-c,https://www.youtube.com/watch?v=vrXDw8SlUu8 https://www.youtube.com/watch?v=fMSRVG_11qg,,
DJMAX RESPECT V 따라와,https://www.youtube.com/watch?v=hgdxRpwo0qY,hgdxRpwo0qY,https://www.youtube.com/watch?v=8O9INkdntpY https://www.youtube.com/watch?v=bm6QUH4jZxo,,
DJMAX RESPECT V 전설이 시작된 곳 ~VoidRover Remix~,https://www.youtube.com/watch?v=OI9xOPVthLo,OI9xOPVthLo,https://www.youtube.com/watch?v=mwmIkJiJ1HU https://www.youtube.com/watch?v=EDGdcWRqRIw,,
DJMAX RESPECT V 카트라이더 Mashup ~Pure 100% Remix~,https://www.youtube.com/watch?v=ov_RTs6wWqA,ov_RTs6wWqA,https://www.youtube.com/watch?v=kr2RwZ3XaFc https://www.youtube.com/watch?v=2uKWlOH7_y0,,
"DJMAX RESPECT V 카트라이더, 크레이지아케이드, 버블파이터 Main theme ~CHUCK Remix~",https://www.youtube.com/watch?v=nJ7Hj2z6mpM,nJ7Hj2z6mpM,https://www.youtube.com/watch?v=Z3NX3YCkaN0 https://www.youtube.com/watch?v=6LnKXPmX4n0,,
